{"KRW-BTC": -0.1611539763119222, "KRW-ETH": -0.49926928962364775, "KRW-XRP": -0.21328013620497274}