{"KRW-XRP": -0.21804217991751423, "KRW-ETH": -0.6138490009963069, "KRW-BTC": 0.0}