{"KRW-XRP": 0.05942202302169801, "KRW-BTC": 0.0, "KRW-ETH": -0.06394848097524047}