{
    "demo_KRW-ETH": [
        {
            "buy_price": 5953509.0322580645,
            "quantity": 0.5416991848768644,
            "target_sell_price": 5965955.483870967,
            "actual_buy_price": 5952000.0,
            "highest_price": 5952000.0
        }
    ],
    "demo_KRW-XRP": [
        {
            "buy_price": 4460.997419354839,
            "quantity": 722.9133516562998,
            "target_sell_price": 4468.609032258065,
            "actual_buy_price": 4460.0,
            "highest_price": 4460.0
        }
    ],
    "demo_KRW-BTC": [
        {
            "buy_price": 160838581.93548387,
            "quantity": 0.020048585977944754,
            "target_sell_price": 161073263.22580644,
            "actual_buy_price": 160819000.0,
            "highest_price": 160819000.0
        }
    ]
}