{
    "KRW-XRP": 387.9739822980846,
    "KRW-ETH": 279.7208779142875,
    "KRW-BTC": 226.7537870776505
}