{
    "KRW-ETH": 44.571755724744435,
    "KRW-XRP": 113.20480882604897
}