{
    "KRW-ETH": 1553.967615600288,
    "KRW-XRP": 948.134300144502,
    "KRW-BTC": 1099.8692302334957
}