{
    "KRW-XRP": 95.07890069149289,
    "KRW-ETH": -75.56056730672753,
    "KRW-BTC": 181.78202871244685
}