{
    "KRW-ETH": 76.81450516554469,
    "KRW-XRP": 21.730713782633757
}