{
    "KRW-XRP": 45.106929157397644,
    "KRW-ETH": 41.865378731244164
}