{
    "KRW-XRP": 7.920371717978924,
    "KRW-ETH": 35.91509418480018,
    "KRW-BTC": 3.7880518512120034
}