{
    "KRW-BTC": 32.66995174713156,
    "KRW-XRP": 85.24969554319978
}