{
    "KRW-XRP": 184.9559437390708,
    "KRW-ETH": 399.462771040824
}