{
    "demo_KRW-ETH": [
        {
            "buy_price": 5972783.703703703,
            "quantity": 0.001859360075046588,
            "target_sell_price": 5987722.222222222,
            "actual_buy_price": 5972783.703703703,
            "highest_price": 5984000.0,
            "sell_held": false,
            "highest_grid_reached": -1
        },
        {
            "buy_price": 5957845.185185185,
            "quantity": 0.0018640221775434347,
            "target_sell_price": 5972783.703703703,
            "actual_buy_price": 5957845.185185185,
            "highest_price": 5968000.0,
            "sell_held": false,
            "highest_grid_reached": -1
        },
        {
            "buy_price": 5942906.666666667,
            "quantity": 0.0018687077180339737,
            "target_sell_price": 5957845.185185185,
            "actual_buy_price": 5942906.666666667,
            "highest_price": 5961000.0,
            "sell_held": false,
            "highest_grid_reached": -1
        }
    ],
    "demo_KRW-BTC": [
        {
            "buy_price": 157790590.47619048,
            "quantity": 9.04906394321781e-05,
            "target_sell_price": 158168949.52380952,
            "actual_buy_price": 157790590.47619048,
            "highest_price": 158000000.0,
            "sell_held": false,
            "highest_grid_reached": -1
        },
        {
            "buy_price": 157412231.42857143,
            "quantity": 9.070814446239892e-05,
            "target_sell_price": 157790590.47619048,
            "actual_buy_price": 157412231.42857143,
            "highest_price": 157412231.42857143,
            "sell_held": false,
            "highest_grid_reached": -1
        }
    ],
    "demo_KRW-XRP": [
        {
            "buy_price": 3955.692727272727,
            "quantity": 2.297034745322162,
            "target_sell_price": 3963.489090909091,
            "actual_buy_price": 3955.692727272727,
            "highest_price": 3960.0,
            "sell_held": false,
            "highest_grid_reached": -1
        }
    ]
}