{
    "demo_KRW-ETH": [
        {
            "buy_price": 6520904.4,
            "quantity": 0.000751053795544066,
            "target_sell_price": 6534087.2,
            "actual_buy_price": 6520904.4,
            "highest_price": 6534000.0,
            "sell_held": false,
            "highest_grid_reached": -1,
            "technical_score": 0.04999999999999999,
            "confidence": 9.615384615384613
        },
        {
            "buy_price": 6507721.6,
            "quantity": 0.0007525752177228971,
            "target_sell_price": 6520904.4,
            "actual_buy_price": 6507721.6,
            "highest_price": 6507721.6,
            "sell_held": false,
            "highest_grid_reached": -1,
            "technical_score": 0.04999999999999999,
            "confidence": 9.615384615384613
        }
    ],
    "demo_KRW-BTC": [
        {
            "buy_price": 159600853.33333334,
            "quantity": 6.744228448055596e-05,
            "target_sell_price": 159779876.66666666,
            "actual_buy_price": 159600853.33333334,
            "highest_price": 159600853.33333334,
            "sell_held": false,
            "highest_grid_reached": -1,
            "technical_score": 0.39999999999999997,
            "confidence": 59.70149253731343
        }
    ],
    "demo_KRW-XRP": [
        {
            "buy_price": 4196.1232,
            "quantity": 1.167160678218409,
            "target_sell_price": 4201.6106,
            "actual_buy_price": 4196.1232,
            "highest_price": 4196.1232,
            "sell_held": false,
            "highest_grid_reached": -1,
            "technical_score": -0.05000000000000002,
            "confidence": 10.63829787234043
        }
    ]
}