{
    "demo_KRW-BTC": [
        {
            "buy_price": 159068000.0,
            "quantity": 0.00025529787563337693,
            "target_sell_price": 159128312.5,
            "actual_buy_price": 159068000.0,
            "highest_price": 159251000.0,
            "sell_held": false,
            "highest_grid_reached": -1,
            "technical_score": 0.75,
            "confidence": 97.40259740259741
        }
    ],
    "demo_KRW-ETH": [],
    "demo_KRW-XRP": [
        {
            "buy_price": 4179.45,
            "quantity": 5.979398832382252,
            "target_sell_price": 4182.6,
            "actual_buy_price": 4179.45,
            "highest_price": 4187.0,
            "sell_held": false,
            "highest_grid_reached": -1,
            "technical_score": -0.2,
            "confidence": 54.054054054054056
        }
    ]
}